name|city|phone|email
Harper Oneil|Lafayette|1-396-460-7475|eu@Vivamus.ca
Adam Cline|Waitakere|1-618-677-2394|elit@duiquisaccumsan.org
Lane Flores|Budaun|902-0773|sed@dolorFuscemi.edu
Joshua Marks|Gressan|464-8495|sit@Vivamus.org
Marcia Kramer|Latur|172-5379|lacinia@sodalespurusin.edu
Colorado Nguyen|Goslar|1-941-998-3884|pretium.neque@eget.ca
Omar Wagner|Gölcük|1-148-750-8710|neque@Nullasempertellus.net
Garth Richard|New Westminster|922-1602|amet.dapibus.id@pede.edu
Chase Kennedy|Flensburg|1-915-386-8176|fringilla.mi.lacinia@convallis.edu
Cruz Guerra|Cottbus|1-313-933-8125|egestas.Fusce.aliquet@magnis.org
Wayne Bryan|Vallepietra|162-7169|porta.elit.a@euismod.net
Adria Mcdowell|Kufstein|212-6094|dictum.eu@natoquepenatibus.net
Evan Ashley|Fortune|264-6189|sed@fermentumvelmauris.org
Amery Monroe|Swansea|228-9524|faucibus.id@felisadipiscing.co.uk
Dylan Schneider|Leganés|386-3970|urna.suscipit@a.ca
Idola Brock|Francavilla in Sinni|414-5221|purus.Nullam@ametorci.ca
Jamalia Ayers|Lustenau|1-505-852-2826|enim.sit.amet@nec.org
Lenore Romero|St. Albans|1-154-311-3640|felis.eget@nec.com
Howard Kirkland|Merritt|1-310-377-8790|pharetra.nibh.Aliquam@nonlobortisquis.org
Ila Aguilar|Collecchio|1-398-481-2641|semper.Nam@Craspellentesque.edu
Rinah Tyler|Newport|1-533-965-0081|Integer.vitae.nibh@fringillaporttitor.org
Azalia Chambers|Seevetal|1-904-397-2143|sapien.imperdiet.ornare@acorci.edu
Jared Horn|Lecce|1-798-714-0029|libero.dui@commodohendreritDonec.org
Nevada Armstrong|Turrialba|1-224-284-5446|dis@nequeMorbi.ca
Kelly Burnett|Guben|1-160-395-8489|Sed.pharetra@dolorQuisquetincidunt.com
Burton Buck|Fresno|470-2948|dapibus@tellus.com
Emerald Fowler|Bharatpur|910-5222|in.consequat@acarcuNunc.net
Lucas Roy|Gujrat|1-959-778-7953|tellus.Suspendisse.sed@atarcuVestibulum.com
Sheila Douglas|Codognè|1-966-602-1486|porttitor.scelerisque.neque@Donec.net
Wendy Serrano|Tenali|755-4543|ut@imperdieteratnonummy.co.uk
Gail Bowman|Paignton|1-822-769-6018|sit.amet@hendreritconsectetuer.org
Anastasia Mcleod|Diksmuide|1-405-979-3138|lacus.Etiam@Suspendisse.org
Linda Warner|Posina|633-6100|libero.Proin@augueSedmolestie.ca
Tanya Salinas|Asansol|639-6235|semper.cursus.Integer@egestashendrerit.com
Jaime Mckee|San Vicente|1-739-309-3616|adipiscing.fringilla@massaIntegervitae.ca
Xenos Francis|Romano d'Ezzelino|401-0163|ante@ante.co.uk
Mallory Mayer|San Calogero|1-180-826-6571|erat.volutpat@nibh.com
Jennifer Fields|Anderlecht|500-2010|aliquet.odio@acsem.ca
Cassidy Davidson|Guadalajara|531-7513|nec@luctusaliquetodio.net
Gannon Brady|Saint-Eug�ne-de-Guigues|317-2092|Sed.dictum@Praesenteudui.com
Dominique Stephenson|Guardia Perticara|1-959-368-5630|elit.pellentesque@CuraePhasellus.net
Ulric Carlson|Zaanstad|1-737-572-1358|nunc.interdum.feugiat@ipsumac.ca
Kirk Wallace|Conca Casale|104-8894|purus.Duis.elementum@Quisque.ca
Jasmine Calhoun|Jodoigne|709-9767|diam.Sed.diam@morbitristique.co.uk
Moses Wilson|Schweinfurt|1-372-310-3858|et.netus.et@Sedegetlacus.com
Nasim Paul|Ancaster Town|1-813-203-6990|scelerisque.scelerisque@Donecfeugiat.net
Kuame Montgomery|Kano|1-356-770-2498|tellus@Donectempuslorem.ca
Josiah Rice|West Valley City|871-8423|quam.Pellentesque@Pellentesque.com
Chase Simon|Matagami|422-4508|ullamcorper@risusDonec.ca
Ian Norton|Sant'Agata sul Santerno|1-187-502-7521|Quisque@Aliquamrutrum.co.uk
Meredith Mathis|Winterswijk|191-9027|dolor.Fusce.mi@imperdietornareIn.org
Buffy Murray|Banbury|697-5314|nunc@odio.edu
Abra Rosa|Batiscan|404-2981|a.felis@Namconsequat.edu
Melinda Patterson|Notre-Dame-du-Nord|1-486-199-8014|dui.Suspendisse.ac@sapienNunc.net
Shannon Norris|Chiavari|344-1394|eu.ligula.Aenean@luctus.edu
Nomlanga Mckinney|Cervinara|573-7975|Nunc@dictummiac.ca
Grace Walker|Diksmuide|948-4886|ultricies.sem.magna@Integersem.edu
Allen Buck|Clackmannan|1-174-564-3372|ut@magna.net
Keith Kemp|Palagano|1-170-382-1972|aliquet.magna@necante.ca
Chaney Hess|Albi|702-5739|Vestibulum@lacus.co.uk
Mason Dawson|Diets-Heur|439-9279|pellentesque@necorciDonec.net
Barry Boyd|Vlissegem|1-699-368-0274|Maecenas.mi.felis@ornarelectus.edu
Blythe Weiss|Montignies-Saint-Christophe|217-7244|sociis@Donecatarcu.co.uk
Chandler Weaver|Sutton|344-8647|libero@eratvitae.edu
Jackson Bond|Baie-Comeau|1-501-253-6265|montes.nascetur@a.org
Dane Conner|Chambord|1-349-958-7172|magna.Phasellus@erosnec.org
Craig Kaufman|Chapadinha|1-535-297-4130|ornare.sagittis.felis@rhoncus.net
Marvin Gardner|Périgueux|805-1417|Pellentesque@purusactellus.edu
Bevis Manning|Butte|667-1580|quis@Nulla.edu
Kameko Doyle|Philadelphia|677-8588|sem.semper@Aliquamultricesiaculis.edu
Hashim Richmond|Tamines|631-5078|ut@sollicitudin.edu
Josephine Walsh|Gravilias|1-362-481-7695|amet.risus@dignissim.edu
Bevis Collier|Nagaon|1-800-385-4010|Nullam.scelerisque@ametfaucibus.org
Garrett Lawrence|Leeds|1-527-215-0472|pede.Cum.sociis@rutrum.ca
Macon Drake|Großpetersdorf|730-3751|vitae.mauris.sit@velquam.net
Judah Hancock|Alandur|1-265-603-7018|dapibus@nisiCumsociis.ca
Kylie Craft|Cartago|1-853-206-9530|Aliquam.ornare@vestibulumMaurismagna.net
Derek Cobb|Cuddalore|186-9238|quis.arcu.vel@Donec.edu
Bert Ellis|Balvano|1-622-591-5372|neque.Sed.eget@faucibusut.com
Haviva Bowen|Buren|1-934-612-5084|aliquet.vel.vulputate@felisNulla.edu
Alexa Tyler|Ferrazzano|1-353-453-2753|gravida.nunc.sed@ante.net
MacKenzie Witt|Molfetta|1-297-218-1818|Fusce@ac.org
Cassidy Coleman|Dunoon|856-1804|dolor.Quisque@dictum.com
Kirby Martin|Ripacandida|641-0520|a.mi@pretiumetrutrum.edu
Larissa Bailey|Shimla|1-726-920-5359|et@rhoncusDonecest.edu
Vincent Rodriguez|Cascavel|532-9691|mattis@Sedcongueelit.edu
Abraham Dotson|White Rock|1-660-443-4598|Morbi.non@fermentum.com
Derek Duffy|Bulzi|1-755-249-1267|risus.Donec.nibh@turpisnon.com
Scott Mcclure|Rodì Milici|899-2268|placerat@Maurisblanditenim.edu
Adam Holloway|Kolkata|433-6506|eget.laoreet@Nuncpulvinararcu.co.uk
Carlos Abbott|Wood Buffalo|1-274-940-8012|eu.turpis@Duis.co.uk
Rafael Mitchell|Rexton|580-4391|vestibulum.Mauris.magna@ullamcorpervelitin.edu
Amaya Walter|Zwettl-Niederösterreich|1-201-870-8851|quis.lectus@Proinnislsem.net
Flynn Mathews|Meux|211-5909|mauris@vellectus.org
Yasir Gaines|Tours|1-775-300-6688|placerat.augue.Sed@porttitor.edu
Hadley Buckley|Lansing|839-2683|mattis.semper.dui@idrisusquis.co.uk
Nelle Hebert|Mount Pearl|696-9012|Nam.interdum@inconsectetuer.org
Steven Bowen|Guirsch|913-5080|ipsum.primis.in@libero.ca
Wing Combs|Bruderheim|1-607-536-1351|Nulla.tincidunt.neque@enimMaurisquis.edu
Sawyer Pearson|Dunstable|1-219-603-5233|ut.ipsum.ac@Cras.edu